DATE,RELACBW027SBOG_PC1
1980-01-01,15.13191
1980-02-01,15.59562
1980-03-01,15.39066
1980-04-01,15.08963
1980-05-01,14.05264
1980-06-01,12.60112
1980-07-01,11.34832
1980-08-01,10.56833
1980-09-01,9.61598
1980-10-01,9.01760
1980-11-01,8.88860
1980-12-01,8.60786
1981-01-01,8.13699
1981-02-01,7.29753
1981-03-01,7.23706
1981-04-01,7.06717
1981-05-01,7.84616
1981-06-01,8.53802
1981-07-01,8.25010
1981-08-01,8.57337
1981-09-01,8.82359
1981-10-01,8.53584
1981-11-01,8.03374
1981-12-01,8.09028
1982-01-01,8.17376
1982-02-01,8.36952
1982-03-01,8.78813
1982-04-01,8.70646
1982-05-01,8.33055
1982-06-01,8.11241
1982-07-01,7.81843
1982-08-01,7.27872
1982-09-01,6.90665
1982-10-01,6.61612
1982-11-01,6.33059
1982-12-01,5.69634
1983-01-01,5.83822
1983-02-01,5.50586
1983-03-01,4.85746
1983-04-01,4.94985
1983-05-01,4.89428
1983-06-01,5.06876
1983-07-01,6.10051
1983-08-01,6.77848
1983-09-01,7.62132
1983-10-01,8.37442
1983-11-01,9.33768
1983-12-01,10.23739
1984-01-01,10.34116
1984-02-01,11.31694
1984-03-01,12.32004
1984-04-01,12.95353
1984-05-01,13.45248
1984-06-01,13.84663
1984-07-01,13.59048
1984-08-01,13.63622
1984-09-01,13.66721
1984-10-01,13.52133
1984-11-01,13.78760
1984-12-01,13.88950
1985-01-01,13.65748
1985-02-01,13.57988
1985-03-01,13.16933
1985-04-01,12.75807
1985-05-01,12.68975
1985-06-01,12.38437
1985-07-01,12.43878
1985-08-01,12.40180
1985-09-01,12.25751
1985-10-01,12.68378
1985-11-01,12.39536
1985-12-01,12.31410
1986-01-01,12.71277
1986-02-01,12.74705
1986-03-01,12.89314
1986-04-01,13.22753
1986-05-01,13.35893
1986-06-01,13.40399
1986-07-01,13.87244
1986-08-01,14.27859
1986-09-01,14.48065
1986-10-01,14.35788
1986-11-01,14.36637
1986-12-01,16.00491
1987-01-01,17.77019
1987-02-01,17.59905
1987-03-01,18.01102
1987-04-01,18.69560
1987-05-01,19.03172
1987-06-01,19.91345
1987-07-01,20.13068
1987-08-01,20.00906
1987-09-01,20.14178
1987-10-01,20.47940
1987-11-01,20.53198
1987-12-01,19.40075
1988-01-01,17.62377
1988-02-01,17.19029
1988-03-01,16.65201
1988-04-01,16.08260
1988-05-01,15.78213
1988-06-01,15.13714
1988-07-01,14.73284
1988-08-01,14.64531
1988-09-01,14.43285
1988-10-01,14.12649
1988-11-01,13.82464
1988-12-01,13.18868
1989-01-01,14.23893
1989-02-01,14.56470
1989-03-01,14.47469
1989-04-01,14.66219
1989-05-01,14.42412
1989-06-01,14.38465
1989-07-01,14.32642
1989-08-01,14.54333
1989-09-01,14.74221
1989-10-01,14.28171
1989-11-01,14.56943
1989-12-01,14.72332
1990-01-01,13.31767
1990-02-01,13.62929
1990-03-01,13.59489
1990-04-01,12.91315
1990-05-01,13.22000
1990-06-01,13.14788
1990-07-01,12.99651
1990-08-01,12.27081
1990-09-01,11.34671
1990-10-01,11.39791
1990-11-01,10.90400
1990-12-01,10.76747
1991-01-01,10.53036
1991-02-01,9.92315
1991-03-01,9.70669
1991-04-01,9.19484
1991-05-01,8.18699
1991-06-01,7.54983
1991-07-01,6.34838
1991-08-01,5.45817
1991-09-01,5.05902
1991-10-01,4.44686
1991-11-01,3.96434
1991-12-01,3.12161
1992-01-01,2.92693
1992-02-01,2.56995
1992-03-01,1.90516
1992-04-01,2.41501
1992-05-01,2.31717
1992-06-01,1.58024
1992-07-01,1.61358
1992-08-01,1.89000
1992-09-01,2.13853
1992-10-01,2.30702
1992-11-01,2.32992
1992-12-01,2.29381
1993-01-01,1.77769
1993-02-01,1.48592
1993-03-01,1.86581
1993-04-01,1.32386
1993-05-01,1.73956
1993-06-01,2.57148
1993-07-01,2.92755
1993-08-01,3.05754
1993-09-01,3.12883
1993-10-01,3.29147
1993-11-01,3.34330
1993-12-01,4.57240
1994-01-01,4.88272
1994-02-01,4.85995
1994-03-01,4.69386
1994-04-01,4.79767
1994-05-01,4.61067
1994-06-01,4.67097
1994-07-01,5.17210
1994-08-01,5.55648
1994-09-01,5.98464
1994-10-01,6.09769
1994-11-01,6.55597
1994-12-01,6.39023
1995-01-01,7.05014
1995-02-01,8.04824
1995-03-01,8.73752
1995-04-01,8.94559
1995-05-01,9.43334
1995-06-01,9.59132
1995-07-01,9.76484
1995-08-01,9.60551
1995-09-01,9.29919
1995-10-01,8.87798
1995-11-01,8.47887
1995-12-01,7.51664
1996-01-01,7.32769
1996-02-01,6.67235
1996-03-01,6.37474
1996-04-01,5.87755
1996-05-01,5.25311
1996-06-01,4.83736
1996-07-01,3.58962
1996-08-01,3.82116
1996-09-01,3.80673
1996-10-01,4.49586
1996-11-01,4.73385
1996-12-01,5.63151
1997-01-01,5.79287
1997-02-01,5.87793
1997-03-01,6.43889
1997-04-01,7.47039
1997-05-01,8.31864
1997-06-01,9.03709
1997-07-01,10.07058
1997-08-01,9.77106
1997-09-01,10.19738
1997-10-01,9.94014
1997-11-01,9.74541
1997-12-01,8.81609
1998-01-01,8.37332
1998-02-01,8.96478
1998-03-01,9.00366
1998-04-01,8.62036
1998-05-01,7.57936
1998-06-01,6.54648
1998-07-01,6.32012
1998-08-01,6.33172
1998-09-01,5.70886
1998-10-01,5.53431
1998-11-01,6.62405
1998-12-01,7.43155
1999-01-01,7.63557
1999-02-01,6.81596
1999-03-01,6.09287
1999-04-01,5.78024
1999-05-01,6.36249
1999-06-01,6.87990
1999-07-01,6.97158
1999-08-01,7.63047
1999-09-01,8.66561
1999-10-01,9.95978
1999-11-01,9.30106
1999-12-01,10.96322
2000-01-01,12.45217
2000-02-01,12.63986
2000-03-01,14.29474
2000-04-01,15.53889
2000-05-01,16.71273
2000-06-01,17.65888
2000-07-01,18.10795
2000-08-01,17.83071
2000-09-01,17.23103
2000-10-01,15.11043
2000-11-01,14.90784
2000-12-01,12.68632
2001-01-01,10.87009
2001-02-01,11.32528
2001-03-01,10.06843
2001-04-01,9.22395
2001-05-01,8.34679
2001-06-01,7.26590
2001-07-01,6.43589
2001-08-01,5.63443
2001-09-01,5.52394
2001-10-01,5.71925
2001-11-01,6.39597
2001-12-01,7.28168
2002-01-01,6.94153
2002-02-01,6.75916
2002-03-01,6.17136
2002-04-01,5.98090
2002-05-01,5.57454
2002-06-01,6.74285
2002-07-01,7.86274
2002-08-01,9.47784
2002-09-01,10.52025
2002-10-01,13.26747
2002-11-01,13.86881
2002-12-01,14.06055
2003-01-01,15.68616
2003-02-01,16.94702
2003-03-01,17.64653
2003-04-01,18.10587
2003-05-01,19.08660
2003-06-01,18.27542
2003-07-01,18.50084
2003-08-01,18.96356
2003-09-01,18.03976
2003-10-01,14.07130
2003-11-01,11.38407
2003-12-01,10.00315
2004-01-01,9.47329
2004-02-01,8.81950
2004-03-01,9.72771
2004-04-01,11.27432
2004-05-01,11.71718
2004-06-01,12.18337
2004-07-01,10.93758
2004-08-01,9.61141
2004-09-01,10.14448
2004-10-01,12.52386
2004-11-01,14.52542
2004-12-01,15.51467
2005-01-01,15.72345
2005-02-01,15.49671
2005-03-01,15.75236
2005-04-01,14.49387
2005-05-01,13.05618
2005-06-01,13.33265
2005-07-01,15.08483
2005-08-01,16.04503
2005-09-01,15.44944
2005-10-01,15.07757
2005-11-01,14.67748
2005-12-01,14.73620
2006-01-01,14.24179
2006-02-01,14.24006
2006-03-01,13.08226
2006-04-01,12.95962
2006-05-01,13.57785
2006-06-01,13.30552
2006-07-01,12.29257
2006-08-01,10.91014
2006-09-01,10.48906
2006-10-01,15.22240
2006-11-01,15.22369
2006-12-01,15.22807
2007-01-01,15.30690
2007-02-01,15.30233
2007-03-01,12.31700
2007-04-01,11.83216
2007-05-01,11.52727
2007-06-01,10.81068
2007-07-01,10.45637
2007-08-01,10.76778
2007-09-01,11.44128
2007-10-01,7.45260
2007-11-01,7.63794
2007-12-01,6.70630
2008-01-01,6.53526
2008-02-01,6.03860
2008-03-01,8.41470
2008-04-01,8.06617
2008-05-01,7.11308
2008-06-01,6.23080
2008-07-01,5.37078
2008-08-01,4.74721
2008-09-01,3.64112
2008-10-01,7.70531
2008-11-01,6.69313
2008-12-01,6.22726
2009-01-01,5.15888
2009-02-01,5.37812
2009-03-01,4.98645
2009-04-01,4.81515
2009-05-01,6.21719
2009-06-01,6.17104
2009-07-01,5.87053
2009-08-01,5.23120
2009-09-01,3.85308
2009-10-01,-2.36237
2009-11-01,-0.47978
2009-12-01,-1.05598
2010-01-01,-1.01331
2010-02-01,-2.56613
2010-03-01,-3.19396
2010-04-01,-3.17069
2010-05-01,-4.53294
2010-06-01,-4.67918
2010-07-01,-4.69624
2010-08-01,-4.34194
2010-09-01,-3.28952
2010-10-01,-2.88968
2010-11-01,-4.79933
2010-12-01,-4.33747
2011-01-01,-4.12815
2011-02-01,-4.00772
2011-03-01,-4.37986
2011-04-01,-5.17289
2011-05-01,-5.21240
2011-06-01,-4.89887
2011-07-01,-4.48627
2011-08-01,-4.45253
2011-09-01,-4.29559
2011-10-01,-3.57341
2011-11-01,-3.31995
2011-12-01,-3.39239
2012-01-01,-2.80478
2012-02-01,-1.03007
2012-03-01,0.07774
2012-04-01,0.49999
2012-05-01,0.86266
2012-06-01,0.78686
2012-07-01,0.76449
2012-08-01,0.97370
2012-09-01,1.19759
2012-10-01,0.85575
2012-11-01,1.48220
2012-12-01,1.55819
2013-01-01,1.58910
2013-02-01,0.39973
2013-03-01,0.08365
2013-04-01,0.38734
2013-05-01,0.19986
2013-06-01,0.44930
2013-07-01,0.36248
2013-08-01,0.02986
2013-09-01,-0.08089
2013-10-01,-0.07807
2013-11-01,-0.75548
2013-12-01,-0.47914
2014-01-01,-0.71772
2014-02-01,-0.25987
2014-03-01,0.29975
2014-04-01,0.54976
2014-05-01,0.95693
2014-06-01,1.44861
2014-07-01,1.90587
2014-08-01,2.50066
2014-09-01,2.61771
2014-10-01,2.72943
2014-11-01,2.73671
2014-12-01,3.02588
2015-01-01,3.33971
2015-02-01,3.59278
2015-03-01,4.14162
2015-04-01,4.11717
2015-05-01,4.10233
2015-06-01,4.14204
2015-07-01,4.34330
2015-08-01,4.44092
2015-09-01,4.80689
2015-10-01,5.23802
2015-11-01,6.02686
2015-12-01,6.34754
2016-01-01,6.44935
2016-02-01,6.54904
2016-03-01,6.33393
2016-04-01,6.39802
2016-05-01,6.85356
2016-06-01,6.90832
2016-07-01,7.15426
2016-08-01,7.34469
2016-09-01,7.38754
2016-10-01,7.48463
2016-11-01,6.85843
2016-12-01,6.33774
2017-01-01,6.24045
2017-02-01,5.85560
2017-03-01,5.29016
2017-04-01,5.24266
2017-05-01,5.01437
2017-06-01,4.73310
2017-07-01,4.53948
2017-08-01,4.21184
2017-09-01,3.81646
2017-10-01,3.80399
2017-11-01,3.89382
2017-12-01,4.13418
2018-01-01,4.07834
2018-02-01,4.19095
2018-03-01,4.21129
2018-04-01,4.11551
2018-05-01,3.71205
2018-06-01,3.70336
2018-07-01,3.54387
2018-08-01,3.31177
2018-09-01,3.63678
2018-10-01,3.35811
2018-11-01,3.06455
2018-12-01,2.85315
2019-01-01,2.86290
2019-02-01,2.80595
2019-03-01,2.86371
2019-04-01,2.83166
2019-05-01,3.37773
2019-06-01,3.38334
2019-07-01,3.30196
2019-08-01,3.45002
2019-09-01,3.26635
2019-10-01,3.43420
2019-11-01,3.89377
2019-12-01,4.49359
2020-01-01,4.44902
2020-02-01,4.46485
2020-03-01,4.65711
2020-04-01,4.92913
2020-05-01,4.28266
2020-06-01,3.85103
2020-07-01,4.01877
2020-08-01,3.77388
2020-09-01,3.32747
2020-10-01,2.72656
2020-11-01,1.84223
2020-12-01,0.75499
2021-01-01,0.85721
2021-02-01,0.37240
2021-03-01,-0.25029
2021-04-01,-0.79908
2021-05-01,-0.84383
2021-06-01,-0.48245
2021-07-01,-0.48781
2021-08-01,0.10105
2021-09-01,0.65800
2021-10-01,1.28332
2021-11-01,2.15487
2021-12-01,3.13125
2022-01-01,3.23461
2022-02-01,3.92302
2022-03-01,4.85512
2022-04-01,6.02145
2022-05-01,7.13075
2022-06-01,8.04493
2022-07-01,8.77889
2022-08-01,9.27171
2022-09-01,9.78156
2022-10-01,10.07113
2022-11-01,10.31533
2022-12-01,11.63886
2023-01-01,11.50209
