DATE,RELACBW027SBOG
1979-12-01,241.3993500000000000
1980-01-01,243.8562000000000000
1980-02-01,246.9455750000000000
1980-03-01,248.6595250000000000
1980-04-01,250.6556000000000000
1980-05-01,251.2902500000000000
1980-06-01,251.8540250000000000
1980-07-01,253.4991000000000000
1980-08-01,254.9291750000000000
1980-09-01,256.0552250000000000
1980-10-01,258.0737800000000000
1980-11-01,260.4430500000000000
1980-12-01,262.1786600000000000
1981-01-01,263.6987500000000000
1981-02-01,264.9665000000000000
1981-03-01,266.6551750000000000
1981-04-01,268.3698600000000000
1981-05-01,271.0068750000000000
1981-06-01,273.3573750000000000
1981-07-01,274.4130200000000000
1981-08-01,276.7852000000000000
1981-09-01,278.6484800000000000
1981-10-01,280.1025500000000000
1981-11-01,281.3663750000000000
1981-12-01,283.3896600000000000
1982-01-01,285.2528500000000000
1982-02-01,287.1429250000000000
1982-03-01,290.0891800000000000
1982-04-01,291.7353750000000000
1982-05-01,293.5832500000000000
1982-06-01,295.5332400000000000
1982-07-01,295.8678000000000000
1982-08-01,296.9316250000000000
1982-09-01,297.8937600000000000
1982-10-01,298.6344750000000000
1982-11-01,299.1785250000000000
1982-12-01,299.5325000000000000
1983-01-01,301.9065500000000000
1983-02-01,302.9526000000000000
1983-03-01,304.1801600000000000
1983-04-01,306.1758500000000000
1983-05-01,307.9520250000000000
1983-06-01,310.5131000000000000
1983-07-01,313.9172500000000000
1983-08-01,317.0590800000000000
1983-09-01,320.5972000000000000
1983-10-01,323.6433750000000000
1983-11-01,327.1148600000000000
1983-12-01,330.1968000000000000
1984-01-01,333.1271750000000000
1984-02-01,337.2375600000000000
1984-03-01,341.6552750000000000
1984-04-01,345.8364250000000000
1984-05-01,349.3792200000000000
1984-06-01,353.5087000000000000
1984-07-01,356.5801000000000000
1984-08-01,360.2939600000000000
1984-09-01,364.4139000000000000
1984-10-01,367.4042600000000000
1984-11-01,372.2161500000000000
1984-12-01,376.0595000000000000
1985-01-01,378.6239400000000000
1985-02-01,383.0340250000000000
1985-03-01,386.6490000000000000
1985-04-01,389.9584750000000000
1985-05-01,393.7145600000000000
1985-06-01,397.2885250000000000
1985-07-01,400.9343200000000000
1985-08-01,404.9769000000000000
1985-09-01,409.0819750000000000
1985-10-01,414.0050200000000000
1985-11-01,418.3537000000000000
1985-12-01,422.3678500000000000
1986-01-01,426.7575400000000000
1986-02-01,431.8595500000000000
1986-03-01,436.5002000000000000
1986-04-01,441.5403400000000000
1986-05-01,446.3106000000000000
1986-06-01,450.5410250000000000
1986-07-01,456.5536800000000000
1986-08-01,462.8019000000000000
1986-09-01,468.3197000000000000
1986-10-01,473.4473800000000000
1986-11-01,478.4559500000000000
1986-12-01,489.9674400000000000
1987-01-01,502.5931750000000000
1987-02-01,507.8627250000000000
1987-03-01,515.1183250000000000
1987-04-01,524.0889400000000000
1987-05-01,531.2512000000000000
1987-06-01,540.2592750000000000
1987-07-01,548.4610600000000000
1987-08-01,555.4042000000000000
1987-09-01,562.6476400000000000
1987-10-01,570.4065500000000000
1987-11-01,576.6924500000000000
1987-12-01,585.0248000000000000
1988-01-01,591.1690500000000000
1988-02-01,595.1657750000000000
1988-03-01,600.8958800000000000
1988-04-01,608.3760750000000000
1988-05-01,615.0939750000000000
1988-06-01,622.0390800000000000
1988-07-01,629.2649250000000000
1988-08-01,636.7448800000000000
1988-09-01,643.8537250000000000
1988-10-01,650.9850000000000000
1988-11-01,656.4180800000000000
1988-12-01,662.1818750000000000
1989-01-01,675.3451750000000000
1989-02-01,681.8499000000000000
1989-03-01,687.8737000000000000
1989-04-01,697.5773250000000000
1989-05-01,703.8158800000000000
1989-06-01,711.5172250000000000
1989-07-01,719.4160750000000000
1989-08-01,729.3488000000000000
1989-09-01,738.7719750000000000
1989-10-01,743.9567750000000000
1989-11-01,752.0544200000000000
1989-12-01,759.6770250000000000
1990-01-01,765.2854400000000000
1990-02-01,774.7812000000000000
1990-03-01,781.3894000000000000
1990-04-01,787.6565500000000000
1990-05-01,796.8603400000000000
1990-06-01,805.0666250000000000
1990-07-01,812.9150250000000000
1990-08-01,818.8458200000000000
1990-09-01,822.5983250000000000
1990-10-01,828.7522800000000000
1990-11-01,834.0584250000000000
1990-12-01,841.4750250000000000
1991-01-01,845.8727200000000000
1991-02-01,851.6639000000000000
1991-03-01,857.2364250000000000
1991-04-01,860.0802750000000000
1991-05-01,862.0991800000000000
1991-06-01,865.8477500000000000
1991-07-01,864.5220000000000000
1991-08-01,863.5398500000000000
1991-09-01,864.2137500000000000
1991-10-01,865.6057200000000000
1991-11-01,867.1233250000000000
1991-12-01,867.7426250000000000
1992-01-01,870.6308400000000000
1992-02-01,873.5512250000000000
1992-03-01,873.5681500000000000
1992-04-01,880.8513200000000000
1992-05-01,882.0754750000000000
1992-06-01,879.5302000000000000
1992-07-01,878.4717600000000000
1992-08-01,879.8607750000000000
1992-09-01,882.6952400000000000
1992-10-01,885.5754250000000000
1992-11-01,887.3265750000000000
1992-12-01,887.6470200000000000
1993-01-01,886.1079750000000000
1993-02-01,886.5315250000000000
1993-03-01,889.8672800000000000
1993-04-01,892.5125750000000000
1993-05-01,897.4197500000000000
1993-06-01,902.1471600000000000
1993-07-01,904.1894500000000000
1993-08-01,906.7628500000000000
1993-09-01,910.3132800000000000
1993-10-01,914.7238500000000000
1993-11-01,916.9925750000000000
1993-12-01,928.2338200000000000
1994-01-01,929.3741500000000000
1994-02-01,929.6165500000000000
1994-03-01,931.6364200000000000
1994-04-01,935.3324000000000000
1994-05-01,938.7967750000000000
1994-06-01,944.2862200000000000
1994-07-01,950.9550000000000000
1994-08-01,957.1469600000000000
1994-09-01,964.7922500000000000
1994-10-01,970.5009000000000000
1994-11-01,977.1103000000000000
1994-12-01,987.5501000000000000
1995-01-01,994.8963500000000000
1995-02-01,1004.4343250000000000
1995-03-01,1013.0383400000000000
1995-04-01,1019.0033750000000000
1995-05-01,1027.3567000000000000
1995-06-01,1034.8557750000000000
1995-07-01,1043.8142500000000000
1995-08-01,1049.0858200000000000
1995-09-01,1054.5101000000000000
1995-10-01,1056.6617500000000000
1995-11-01,1059.9581800000000000
1995-12-01,1061.7806750000000000
1996-01-01,1067.7993000000000000
1996-02-01,1071.4536750000000000
1996-03-01,1077.6169000000000000
1996-04-01,1078.8957750000000000
1996-05-01,1081.3248800000000000
1996-06-01,1084.9155000000000000
1996-07-01,1081.2831800000000000
1996-08-01,1089.1730750000000000
1996-09-01,1094.6524500000000000
1996-10-01,1104.1677600000000000
1996-11-01,1110.1350500000000000
1996-12-01,1121.5749500000000000
1997-01-01,1129.6555000000000000
1997-02-01,1134.4330250000000000
1997-03-01,1147.0034250000000000
1997-04-01,1159.4935400000000000
1997-05-01,1171.2763500000000000
1997-06-01,1182.9603000000000000
1997-07-01,1190.1746600000000000
1997-08-01,1195.5968250000000000
1997-09-01,1206.2783250000000000
1997-10-01,1213.9236000000000000
1997-11-01,1218.3222500000000000
1997-12-01,1220.4540400000000000
1998-01-01,1224.2451500000000000
1998-02-01,1236.1324000000000000
1998-03-01,1250.2757500000000000
1998-04-01,1259.4460800000000000
1998-05-01,1260.0516000000000000
1998-06-01,1260.4025750000000000
1998-07-01,1265.3951800000000000
1998-08-01,1271.2986250000000000
1998-09-01,1275.1430400000000000
1998-10-01,1281.1058750000000000
1998-11-01,1299.0244750000000000
1998-12-01,1311.1527400000000000
1999-01-01,1317.7232250000000000
1999-02-01,1320.3866500000000000
1999-03-01,1326.4534000000000000
1999-04-01,1332.2451250000000000
1999-05-01,1340.2222000000000000
1999-06-01,1347.1170000000000000
1999-07-01,1353.6132250000000000
1999-08-01,1368.3046500000000000
1999-09-01,1385.6419000000000000
1999-10-01,1408.7012500000000000
1999-11-01,1419.8475250000000000
1999-12-01,1454.8972800000000000
2000-01-01,1481.8083250000000000
2000-02-01,1487.2817250000000000
2000-03-01,1516.0664400000000000
2000-04-01,1539.2612750000000000
2000-05-01,1564.2098800000000000
2000-06-01,1585.0027750000000000
2000-07-01,1598.7248250000000000
2000-08-01,1612.2830200000000000
2000-09-01,1624.4023250000000000
2000-10-01,1621.5620000000000000
2000-11-01,1631.5161800000000000
2000-12-01,1639.4701750000000000
2001-01-01,1642.8822800000000000
2001-02-01,1655.7205250000000000
2001-03-01,1668.7104750000000000
2001-04-01,1681.2419750000000000
2001-05-01,1694.7712000000000000
2001-06-01,1700.1675250000000000
2001-07-01,1701.6170250000000000
2001-08-01,1703.1260200000000000
2001-09-01,1714.1333000000000000
2001-10-01,1714.3031800000000000
2001-11-01,1735.8674000000000000
2001-12-01,1758.8511500000000000
2002-01-01,1756.9233800000000000
2002-02-01,1767.6332750000000000
2002-03-01,1771.6926500000000000
2002-04-01,1781.7954250000000000
2002-05-01,1789.2469600000000000
2002-06-01,1814.8073250000000000
2002-07-01,1835.4107600000000000
2002-08-01,1864.5455500000000000
2002-09-01,1894.4644750000000000
2002-10-01,1941.7478000000000000
2002-11-01,1976.6115000000000000
2002-12-01,2006.1553000000000000
2003-01-01,2032.5171400000000000
2003-02-01,2067.1944750000000000
2003-03-01,2084.3348750000000000
2003-04-01,2104.4049800000000000
2003-05-01,2130.7533250000000000
2003-06-01,2146.4710000000000000
2003-07-01,2174.9772200000000000
2003-08-01,2218.1297000000000000
2003-09-01,2236.2212250000000000
2003-10-01,2214.9770400000000000
2003-11-01,2201.6302750000000000
2003-12-01,2206.8340600000000000
2004-01-01,2225.0633250000000000
2004-02-01,2249.5106500000000000
2004-03-01,2287.0928800000000000
2004-04-01,2341.6623250000000000
2004-05-01,2380.4175500000000000
2004-06-01,2407.9835400000000000
2004-07-01,2412.8672000000000000
2004-08-01,2431.3232000000000000
2004-09-01,2463.0742400000000000
2004-10-01,2492.3777000000000000
2004-11-01,2521.4263250000000000
2004-12-01,2549.2170400000000000
2005-01-01,2574.9199500000000000
2005-02-01,2598.1107750000000000
2005-03-01,2647.3640800000000000
2005-04-01,2681.0597500000000000
2005-05-01,2691.2092250000000000
2005-06-01,2729.0316000000000000
2005-07-01,2776.8440750000000000
2005-08-01,2821.4297800000000000
2005-09-01,2843.6053750000000000
2005-10-01,2868.1677500000000000
2005-11-01,2891.5081800000000000
2005-12-01,2924.8747500000000000
2006-01-01,2941.6346750000000000
2006-02-01,2968.0833500000000000
2006-03-01,2993.6991400000000000
2006-04-01,3028.5150250000000000
2006-05-01,3056.6176400000000000
2006-06-01,3092.1434750000000000
2006-07-01,3118.1897000000000000
2006-08-01,3129.2517800000000000
2006-09-01,3141.8727750000000000
2006-10-01,3304.7716250000000000
2006-11-01,3331.7025000000000000
2006-12-01,3370.2767250000000000
2007-01-01,3391.9077800000000000
2007-02-01,3422.2691750000000000
2007-03-01,3362.4330750000000000
2007-04-01,3386.8538000000000000
2007-05-01,3408.9623600000000000
2007-06-01,3426.4252000000000000
2007-07-01,3444.2390750000000000
2007-08-01,3466.2027400000000000
2007-09-01,3501.3431500000000000
2007-10-01,3551.0629000000000000
2007-11-01,3586.1758000000000000
2007-12-01,3596.2975500000000000
2008-01-01,3613.5779400000000000
2008-02-01,3628.9264000000000000
2008-03-01,3645.3718000000000000
2008-04-01,3660.0431200000000000
2008-05-01,3651.4447500000000000
2008-06-01,3639.9188500000000000
2008-07-01,3629.2216400000000000
2008-08-01,3630.7506750000000000
2008-09-01,3628.8312250000000000
2008-10-01,3824.6833200000000000
2008-11-01,3826.2032500000000000
2008-12-01,3820.2481800000000000
2009-01-01,3799.9981250000000000
2009-02-01,3824.0943250000000000
2009-03-01,3827.1463750000000000
2009-04-01,3836.2797200000000000
2009-05-01,3878.4620750000000000
2009-06-01,3864.5396500000000000
2009-07-01,3842.2763000000000000
2009-08-01,3820.6824000000000000
2009-09-01,3768.6531000000000000
2009-10-01,3734.3301750000000000
2009-11-01,3807.8458250000000000
2009-12-01,3779.9070200000000000
2010-01-01,3761.4922000000000000
2010-02-01,3725.9631000000000000
2010-03-01,3704.9087200000000000
2010-04-01,3714.6430000000000000
2010-05-01,3702.6535750000000000
2010-06-01,3683.7107200000000000
2010-07-01,3661.8339250000000000
2010-08-01,3654.7907500000000000
2010-09-01,3644.6823200000000000
2010-10-01,3626.4201500000000000
2010-11-01,3625.0946250000000000
2010-12-01,3615.9548000000000000
2011-01-01,3606.2121750000000000
2011-02-01,3576.6370500000000000
2011-03-01,3542.6388800000000000
2011-04-01,3522.4887250000000000
2011-05-01,3509.6566250000000000
2011-06-01,3503.2506800000000000
2011-07-01,3497.5543250000000000
2011-08-01,3492.0602400000000000
2011-09-01,3488.1217750000000000
2011-10-01,3496.8333500000000000
2011-11-01,3504.7434200000000000
2011-12-01,3493.2874500000000000
2012-01-01,3505.0658000000000000
2012-02-01,3539.7952200000000000
2012-03-01,3545.3930000000000000
2012-04-01,3540.1009500000000000
2012-05-01,3539.9332000000000000
2012-06-01,3530.8162750000000000
2012-07-01,3524.2929000000000000
2012-08-01,3526.0623400000000000
2012-09-01,3529.8951750000000000
2012-10-01,3526.7576000000000000
2012-11-01,3556.6908250000000000
2012-12-01,3547.7193500000000000
2013-01-01,3560.7646800000000000
2013-02-01,3553.9449750000000000
2013-03-01,3548.3585500000000000
2013-04-01,3553.8131500000000000
2013-05-01,3547.0079800000000000
2013-06-01,3546.6803250000000000
2013-07-01,3537.0678200000000000
2013-08-01,3527.1153250000000000
2013-09-01,3527.0399250000000000
2013-10-01,3524.0043600000000000
2013-11-01,3529.8206500000000000
2013-12-01,3530.7209250000000000
2014-01-01,3535.2085000000000000
2014-02-01,3544.7094000000000000
2014-03-01,3558.9947750000000000
2014-04-01,3573.3506200000000000
2014-05-01,3580.9503000000000000
2014-06-01,3598.0579250000000000
2014-07-01,3604.4799000000000000
2014-08-01,3615.3163500000000000
2014-09-01,3619.3677000000000000
2014-10-01,3620.1896400000000000
2014-11-01,3626.4216000000000000
2014-12-01,3637.5561400000000000
2015-01-01,3653.2741000000000000
2015-02-01,3672.0629750000000000
2015-03-01,3706.3947250000000000
2015-04-01,3720.4714400000000000
2015-05-01,3727.8528500000000000
2015-06-01,3747.0909000000000000
2015-07-01,3761.0331600000000000
2015-08-01,3775.8697250000000000
2015-09-01,3793.3466000000000000
2015-10-01,3809.8160250000000000
2015-11-01,3844.9811250000000000
2015-12-01,3868.4515400000000000
2016-01-01,3888.8864750000000000
2016-02-01,3912.5478500000000000
2016-03-01,3941.1551800000000000
2016-04-01,3958.5077750000000000
2016-05-01,3983.3433500000000000
2016-06-01,4005.9520400000000000
2016-07-01,4030.1074250000000000
2016-08-01,4053.1955200000000000
2016-09-01,4073.5814500000000000
2016-10-01,4094.9668250000000000
2016-11-01,4108.6863800000000000
2016-12-01,4113.6241250000000000
2017-01-01,4131.5706500000000000
2017-02-01,4141.6510750000000000
2017-03-01,4149.6487600000000000
2017-04-01,4166.0389500000000000
2017-05-01,4183.0829200000000000
2017-06-01,4195.5578500000000000
2017-07-01,4213.0532250000000000
2017-08-01,4223.9094800000000000
2017-09-01,4229.0480750000000000
2017-10-01,4250.7387750000000000
2017-11-01,4268.6711000000000000
2017-12-01,4283.6888250000000000
2018-01-01,4300.0702000000000000
2018-02-01,4315.2254500000000000
2018-03-01,4324.4025500000000000
2018-04-01,4337.4927250000000000
2018-05-01,4338.3611200000000000
2018-06-01,4350.9345500000000000
2018-07-01,4362.3583000000000000
2018-08-01,4363.7957200000000000
2018-09-01,4382.8492500000000000
2018-10-01,4393.4831400000000000
2018-11-01,4399.4868000000000000
2018-12-01,4405.9089250000000000
2019-01-01,4423.1767600000000000
2019-02-01,4436.3086500000000000
2019-03-01,4448.2409750000000000
2019-04-01,4460.3158750000000000
2019-05-01,4484.8993400000000000
2019-06-01,4498.1413500000000000
2019-07-01,4506.4017000000000000
2019-08-01,4514.3473500000000000
2019-09-01,4526.0082750000000000
2019-10-01,4544.3641800000000000
2019-11-01,4570.7925500000000000
2019-12-01,4603.8922000000000000
2020-01-01,4619.9646800000000000
